{"cameraMode":{"drawMode":0,"name":"Shaded","section":"Shading Mode"},"sceneLighting":true,"audioPlay":false,"sceneViewState":{"m_AlwaysRefresh":false,"showFog":true,"showSkybox":true,"showFlares":true,"showImageEffects":true,"showParticleSystems":true,"showVisualEffectGraphs":true,"m_FxEnabled":true},"in2DMode":false,"pivot":{"x":8.45037841796875,"y":6.3694000244140629,"z":-14.431591033935547},"rotation":{"x":0.05689511075615883,"y":0.050894949585199359,"z":-0.002904202090576291,"w":0.9970785975456238},"size":0.6333672404289246,"orthographic":false}